{
    "variants": {
        "facing=north": [ { "model": "block/ladder", "weight": 3 }, { "model": "block/ladder_alt_0", "weight": 1 } ],
        "facing=east":  [ { "model": "block/ladder", "y": 90, "weight": 3 }, { "model": "block/ladder_alt_0", "y": 90, "weight": 1 } ],
        "facing=south": [ { "model": "block/ladder", "y": 180, "weight": 3 }, { "model": "block/ladder_alt_0", "y": 180, "weight": 1 } ],
        "facing=west":  [ { "model": "block/ladder", "y": 270, "weight": 3 }, { "model": "block/ladder_alt_0", "y": 270, "weight": 1 } ]
    }
}
